{
    "train_losses": [
        1.9234510660171509,
        1.6814340949058533,
        1.5644392371177673,
        1.5767284631729126,
        1.4632548093795776,
        1.4493972659111023,
        1.4337757229804993,
        1.3757147192955017,
        1.6105743050575256,
        1.4318649172782898,
        1.280325710773468,
        1.3920648097991943,
        1.3626746535301208,
        1.2741187810897827,
        1.4037830829620361,
        1.370279610157013,
        1.309759497642517,
        1.4381142258644104,
        1.3537952303886414,
        1.2409694194793701,
        1.3027188181877136,
        1.2035216093063354,
        1.353642761707306,
        1.2579940557479858,
        1.259404480457306,
        1.199706494808197,
        1.1677609980106354,
        1.3160454630851746,
        1.281738519668579,
        1.2655243277549744,
        1.0615230202674866,
        1.1943798065185547,
        1.1445331573486328,
        1.1124968528747559,
        1.1174428761005402,
        1.1853364706039429,
        1.1205812096595764,
        1.0965968370437622,
        1.1074917316436768,
        1.158390462398529,
        1.141448736190796,
        1.1046717166900635,
        1.1565206050872803,
        1.1272040605545044,
        1.0610835552215576,
        1.048618495464325,
        0.9197242856025696,
        1.081020712852478,
        1.152086317539215,
        1.1783767342567444
    ],
    "val_losses": [
        1.6333463191986084,
        1.5652542114257812,
        1.5289310216903687,
        1.515332818031311,
        1.504201889038086,
        1.4627724885940552,
        1.511482834815979,
        1.5083446502685547,
        1.5206420421600342,
        1.561399221420288,
        1.5067018270492554,
        1.5162734985351562,
        1.4362764358520508,
        1.4281768798828125,
        1.432512640953064,
        1.4935797452926636,
        1.4656391143798828,
        1.468178629875183,
        1.5145624876022339,
        1.5050795078277588,
        1.5326112508773804,
        1.5140478610992432,
        1.519705057144165,
        1.5340720415115356,
        1.5182197093963623,
        1.5052539110183716,
        1.4602075815200806,
        1.4739528894424438,
        1.4428750276565552,
        1.4082529544830322,
        1.4117826223373413,
        1.5132147073745728,
        1.4957783222198486,
        1.4793199300765991,
        1.5239697694778442,
        1.5038596391677856,
        1.4495353698730469,
        1.4094152450561523,
        1.5814895629882812,
        1.472208023071289,
        1.253214716911316,
        1.3314684629440308,
        1.283612847328186,
        1.2667367458343506,
        1.4323872327804565,
        1.5763832330703735,
        1.5137484073638916,
        2.235703706741333,
        2.3806450366973877,
        1.9616695642471313
    ],
    "train_accs": [
        23.076923076923077,
        13.461538461538462,
        36.53846153846154,
        30.76923076923077,
        44.23076923076923,
        44.23076923076923,
        42.30769230769231,
        44.23076923076923,
        32.69230769230769,
        42.30769230769231,
        48.07692307692308,
        46.15384615384615,
        46.15384615384615,
        55.76923076923077,
        44.23076923076923,
        42.30769230769231,
        48.07692307692308,
        44.23076923076923,
        42.30769230769231,
        46.15384615384615,
        44.23076923076923,
        50.0,
        44.23076923076923,
        46.15384615384615,
        44.23076923076923,
        44.23076923076923,
        44.23076923076923,
        48.07692307692308,
        46.15384615384615,
        50.0,
        59.61538461538461,
        55.76923076923077,
        53.84615384615385,
        59.61538461538461,
        51.92307692307692,
        53.84615384615385,
        55.76923076923077,
        51.92307692307692,
        48.07692307692308,
        59.61538461538461,
        55.76923076923077,
        51.92307692307692,
        53.84615384615385,
        48.07692307692308,
        50.0,
        63.46153846153846,
        63.46153846153846,
        53.84615384615385,
        51.92307692307692,
        44.23076923076923
    ],
    "val_accs": [
        28.571428571428573,
        21.428571428571427,
        42.857142857142854,
        50.0,
        50.0,
        57.142857142857146,
        35.714285714285715,
        35.714285714285715,
        28.571428571428573,
        28.571428571428573,
        28.571428571428573,
        28.571428571428573,
        28.571428571428573,
        28.571428571428573,
        28.571428571428573,
        28.571428571428573,
        28.571428571428573,
        28.571428571428573,
        28.571428571428573,
        28.571428571428573,
        28.571428571428573,
        35.714285714285715,
        35.714285714285715,
        35.714285714285715,
        28.571428571428573,
        28.571428571428573,
        28.571428571428573,
        35.714285714285715,
        42.857142857142854,
        35.714285714285715,
        42.857142857142854,
        50.0,
        50.0,
        50.0,
        50.0,
        42.857142857142854,
        42.857142857142854,
        42.857142857142854,
        42.857142857142854,
        50.0,
        50.0,
        35.714285714285715,
        35.714285714285715,
        42.857142857142854,
        42.857142857142854,
        42.857142857142854,
        42.857142857142854,
        28.571428571428573,
        21.428571428571427,
        28.571428571428573
    ]
}